day_index,source_month,baseline_daily_peak_kw,pv_priority_daily_peak_kw,daily_grid_import_reduction_kwh,daily_cost_saving,daily_carbon_reduction_kg,daily_peak_reduction_kw,daily_peak_reduction_pct,peak_reduced_flag
1,7,2.6069167,2.6069167,4.073000678665248,2.199420366479234,0.9866701398208347,0.0,0.0,False
2,8,2.564033332,2.2621,4.7642607089263045,2.4709621268202047,1.1690492158861772,0.30193333199999994,11.77571789850663,True
3,8,2.9865333331999997,2.1489832,5.878221115897384,3.009252778584588,1.4631684509601646,0.8375501331999997,28.04422518541203,True
4,8,2.2229,2.2229,6.099147810035832,3.0371451934193496,1.4068211138807125,0.0,0.0,False
5,8,2.5960333,2.5960333,4.39156861605499,2.3714470526696947,0.9168737157630394,0.0,0.0,False
6,8,2.5614667,2.5614667,1.7243156207686037,0.5851552303074419,0.3073337400116713,0.0,0.0,False
7,8,2.1509166,2.1509166,5.06719058593466,2.000173223573864,1.0155816640086939,0.0,0.0,False
8,8,3.542716732,2.3992,5.2131568176246015,2.8151046815172847,1.081942507673406,1.1435167320000001,32.27796119489466,True
9,8,1.7660834,1.64385,5.985836807848876,3.1856532394383934,1.3094528703467325,0.12223340000000005,6.921156724535209,True
10,8,2.1775668,1.8570833,4.5163010686845375,2.3333252266896505,1.009758152158737,0.32048350000000014,14.717504877462318,True
11,8,2.1701667,1.8942658516016613,5.869350696398338,3.081161104567635,1.196640347139122,0.2759008483983385,12.713348168061861,True
12,8,2.1829667,2.1829667,5.138886250065278,2.5539043190143618,0.9943937493636263,0.0,0.0,False
13,8,3.2085834,3.2085834,1.9500474608870157,0.6172539915548065,0.39398658611266973,0.0,0.0,False
14,8,3.9715667,3.9715667,2.1192663733999995,0.46623860214800006,0.4636842417518431,0.0,0.0,False
15,8,3.5708833,3.5708833,2.8606171265130884,1.3374212291170675,0.6081765272858946,0.0,0.0,False
16,8,3.704783368,2.7261,5.331633925848679,2.879082319958287,1.2587794211202152,0.978683368,26.41675020605415,True
17,8,2.9660666,2.9660666,3.283491908902721,1.61553898120747,0.7445629670605894,0.0,0.0,False
18,8,3.526916732,2.7991834,3.7381466184181598,2.0185991739458062,0.8785012494215907,0.7277333320000001,20.633697569245594,True
19,8,1.8938,1.7373667,4.484559663223637,2.421662218140764,0.9990906175019417,0.1564333,8.260286197064104,True
20,8,1.8837334,1.8837334,2.8977479942908597,1.1590991977163443,0.6480745426949897,0.0,0.0,False
21,8,2.5851834,2.5851834,2.337649096142516,0.9350596384570067,0.5648737647403037,0.0,0.0,False
22,8,2.567649932,2.53175,4.905546874759729,2.648995312370254,1.2580159421169785,0.03589993199999997,1.398163026532075,True
23,8,3.1309667,2.98486054737557,4.07213927262443,2.1989552072171925,0.8832810378612018,0.14610615262443005,4.666486955112938,True
24,8,3.03815,3.03815,2.774566600652916,1.498265964352575,0.5791590471639861,0.0,0.0,False
25,8,2.63465,2.63465,4.920215339310866,2.070986040888391,0.8333122718724808,0.0,0.0,False
26,8,1.07315,1.07315,3.714183472,1.1995683868800002,0.5835881117381718,0.0,0.0,False
27,8,1.38585,0.7489667,7.289613914371739,2.233151058521783,1.067054236559807,0.6368833,45.95614965544612,True
28,8,3.195749936,2.7542,3.8512157495039574,1.5404862998015834,0.6990169386942415,0.4415499359999999,13.816786195501624,True
29,8,3.1613667,3.1613667,2.7343123234516167,1.4765286546638732,0.4711384564980742,0.0,0.0,False
30,8,3.091366656,3.091366656,1.6263831148347747,0.8405135124107784,0.28378014619934006,0.0,0.0,False
31,8,3.5601499679999997,3.5601499679999997,1.414595685574811,0.7638816702103983,0.25562959176030786,0.0,0.0,False
32,8,3.15163328,2.537600066,1.405067442488216,0.7587364189436369,0.1991985611971408,0.614033214,19.48301593007674,True
33,9,2.3708332000000003,1.6940334,5.393901660103851,2.91270689645608,0.6782183931633885,0.6767998000000004,28.546917598420684,True
34,9,1.6670000336,1.3903167,2.8324561192044637,1.1329824476817858,0.3780720115756535,0.27668333359999986,16.597680145361686,True
35,9,1.0070666,0.4556,3.3917422361967033,1.212536285483275,0.533829899024056,0.5514665999999999,54.75969513833544,True
36,9,1.774516664,1.59525,2.97336359295159,1.6056163401938588,0.6185935004896901,0.17926666400000002,10.102281237298092,True
37,9,1.5743667,1.2146667,5.8317013328655305,2.838723668462417,1.1112303495338227,0.3596999999999999,22.847282021399458,True
38,9,2.387899956,1.4122691155843023,4.923880753615697,2.658895606952477,0.8131326291062968,0.9756308404156977,40.85727452543651,True
39,9,2.888349944,2.6841345738002818,2.9553653901997183,1.3256626547078483,0.49607953689199585,0.20421537019971803,7.070312606127828,True
40,9,2.858933336,2.2155667336,4.0126638706518865,2.052049139752019,0.5861656036305961,0.6433666024000004,22.503728726328035,True
41,9,2.606,2.606,1.6149058563594574,0.37918056113978316,0.19828055642282955,0.0,0.0,False
42,9,1.95699998,1.9299833,2.276463729343549,0.7809705013374195,0.3785587829378438,0.027016680000000015,1.3805150882014834,True
43,9,2.99563332,2.99563332,2.1005990269187595,0.9156141433361302,0.4052731596762735,0.0,0.0,False
44,9,1.5338666663999998,1.5338666663999998,0.19516070539999975,0.10196496050000012,0.04033662618198893,0.0,0.0,False
45,9,2.3666833,0.8581,5.877099261810877,3.1007378591663928,1.2339320202849529,1.5085833000000002,63.74250834490615,True
46,9,1.65484996,0.45163333,5.636183636799994,2.6812404342719987,1.199454423531586,1.20321663,72.70850283006926,True
47,9,1.39266668,0.42731667,3.8691176639227334,1.9130299306070015,0.7814423554076517,0.9653500100000001,69.31665874277972,True
48,9,2.44345,2.44345,6.112285780093927,1.9803075022450862,1.122949789622521,0.0,0.0,False
49,9,3.3681,3.3681,0.7663526452000001,0.16859758194400032,0.17408270682862692,0.0,0.0,False
50,9,2.0317499999999997,2.0317499999999997,0.9801747303000001,0.21563844066600033,0.22495064049009492,0.0,0.0,False
51,9,1.35210008,1.35210008,0.2482253112000001,0.05460956846400058,0.05681196503819612,0.0,0.0,False
52,9,3.12653334,3.12653334,1.0266546887999999,0.22586403153600065,0.24107133911694442,0.0,0.0,False
53,9,1.693333364,0.28678334,2.9878472071077096,1.6134374918381635,0.6471021454986025,1.406550024,83.06397629096736,True
54,9,0.7025167,0.7025167,0.744750480969988,0.4020531647893975,0.15179272115548456,0.0,0.0,False
55,9,2.1021667,0.9405333,5.4699002858,1.4870821088960002,1.080596294875621,1.1616334000000001,55.258862201556134,True
56,9,1.9154834,1.9154834,6.532540530348967,2.086610928796773,1.5767199301031514,0.0,0.0,False
57,9,2.83731664,2.16552005400062,3.2506633459993797,1.5427448244396655,0.8177228803684943,0.6717965859993802,23.677180633578498,True
58,9,2.902599932,2.902599932,0.44865647510000006,0.09870442452200034,0.10682576208886799,0.0,0.0,False
59,9,2.1298000664,2.1298000664,1.6558361721999997,0.6054709825880003,0.32399288985290553,0.0,0.0,False
60,9,3.39461663336,2.7327980706751447,3.5172351306848553,1.717648346569822,0.5315473220454705,0.6618185626848554,19.496120892737913,True
61,9,2.51948324,2.31546666,3.6942395464428204,1.3863773742791232,0.5190427694147615,0.20401658000000022,8.097556544968333,True
62,9,2.5449333,2.5449333,4.689815044056305,2.040049865028153,0.6563157898677328,0.0,0.0,False
63,10,1.1818167600000002,0.34153333,2.906883629,1.0117041459,0.42755386391355504,0.8402834300000002,71.10099115534628,True
64,10,0.53716666,0.0,3.387458738999994,0.946880222356997,0.43390279073861937,0.53716666,100.0,True
65,10,0.98558334,0.0,3.831358730379994,1.2538243759227987,0.5011685045078698,0.98558334,100.0,True
66,10,2.0905500000000004,0.0,5.343575488599982,2.019995751169995,0.8691328702075367,2.0905500000000004,100.0,True
67,10,1.5968333,0.0,4.979658698999994,1.7229025316399968,0.8284539336101399,1.5968333,100.0,True
68,10,2.071716664,1.4035667,8.256950518064434,3.280133275653531,1.2334280806172175,0.6681499640000002,32.25103005687848,True
69,10,2.85603334,2.64275,2.8240445693448226,0.7032188542724116,0.4761688190592526,0.21328334000000027,7.467816884798699,True
70,10,2.0026999599999997,1.8657833,3.680242301651966,1.435044348425983,0.7889251772728006,0.1369166599999998,6.8366037217077595,True
71,10,1.95145,1.5853807253008256,4.362235898699174,1.9907426121495875,0.9576499653385818,0.3660692746991743,18.758834441014336,True
72,10,1.54455,1.2793,5.679116896,2.27808457136,1.0378549041709824,0.26525,17.17328671781425,True
73,10,1.598733336,0.7354645123558535,2.456031550329813,1.1844105670260636,0.36628850182916417,0.8632688236441465,53.99704905159659,True
74,10,1.3201333,0.46005,3.84758356,1.7458429109000002,0.5309328466272335,0.8600832999999999,65.15124646882249,True
75,10,1.4707833,0.2027667,6.940329441445572,2.45011505238357,0.9510892612921067,1.2680166,86.2136930708963,True
76,10,1.68015012,0.6260333,5.5240975554002825,2.2242349201140597,0.7934707245741751,1.05411682,62.73944259218932,True
77,10,0.9381667,0.9381667,0.30863541201999967,0.1404218630100002,0.04825290495933149,0.0,0.0,False
78,10,1.2396333,1.2396333,0.0790851722,0.016607886162000374,0.011178412292367677,0.0,0.0,False
79,10,0.4329,0.37731665,1.350516919,0.5350337447900002,0.2121717829056682,0.05558335000000003,12.839766689766696,True
80,10,1.28685,0.0,5.885083665,2.0930786146,0.8146238930763239,1.28685,100.0,True
81,10,1.12771672,0.1277167200000001,6.278166778,2.1724167001,0.8644938784484849,0.9999999999999999,88.67475158123042,True
82,10,2.768549868,0.49675,7.026977096009897,3.1173745209820787,0.9993529849205843,2.271799868,82.05739380960286,True
83,10,1.69355,0.52154166,4.746050009999999,1.6347381619999999,0.6601877015768504,1.17200834,69.20423607215612,True
84,10,2.3382666,2.3382666,1.9775012171015462,0.46885584699132477,0.26340124505686124,0.0,0.0,False
85,10,1.0483583,1.0483583,0.18932300000000002,0.03975783000000074,0.03503136953518756,0.0,0.0,False
86,10,0.58875,0.38778332,1.148383645999994,0.5475745836399989,0.20938202935928893,0.20096668,34.13446794055202,True
87,10,1.8429333,1.435340991870442,7.8580174561295575,2.999196027347207,1.2553921156986867,0.40759230812955805,22.116498091903708,True
88,10,0.94193333,0.45263332,2.389566944,0.8653047628000001,0.3392403682154518,0.48930001,51.9463527211634,True
89,10,0.9970667,0.9970667,1.1022637562000006,0.5499576082440006,0.16647770802771167,0.0,0.0,False
90,10,1.80485,1.1200341859713987,2.2112328120286016,0.9070198199460068,0.33326287706636587,0.6848158140286014,37.94308746037628,True
91,10,0.83928335,0.83928335,0.19953203320000013,0.04190172697200054,0.02392217580285506,0.0,0.0,False
92,10,0.37641665,0.37641665,1.0005502659999939,0.4870269121999991,0.1519980426900891,0.0,0.0,False
93,10,1.2186833,1.2186833,2.2093224987200064,0.6579919511861997,0.2701884017374066,0.0,0.0,False
94,11,1.3981167,1.3981167,2.1151167692,0.8583525503000001,0.28907258877468794,0.0,0.0,False
95,11,2.0600166,0.2896333,8.792372494559057,3.078975539017402,1.086143265580341,1.7703833,85.94024436502113,True
96,11,2.14425,1.7009166,6.159988414967218,2.711678281853116,0.7805137688519922,0.4433334,20.675452955578873,True
97,11,2.7732832,1.23375,4.943873437309179,1.7326764822999279,0.5786278617709505,1.5395332,55.51301792763177,True
98,11,1.6944834000000002,0.5676917,5.302550322,1.6854446523000004,0.8139033701567622,1.1267917,66.49765350312667,True
99,11,1.5544834,0.66398335,6.099535206356365,2.681026590147817,1.1295182985938224,0.8905000500000001,57.28591569392121,True
100,11,1.922983332,0.7852920120328581,5.866674619967142,2.4207478099835713,1.083065621799585,1.137691319967142,59.1628279369372,True
101,11,2.2233166,1.9878833,4.26468286960361,1.4006762488018056,0.7192268033015573,0.23543329999999996,10.58928359550772,True
102,11,1.9743333336,0.32733333,5.2098725297161925,2.175555748524401,0.811506749686235,1.6470000036,83.42056407450002,True
103,11,1.42795,0.28996667,4.860755239147307,1.8166201385009346,0.7366547377585706,1.13798333,79.69349977240098,True
104,11,1.1452,0.7602626678,4.853765485904583,1.5105072645679625,0.7000532869448023,0.38493733220000004,33.61310969263011,True
105,11,1.5745667,0.5745667,3.7028166899999997,1.3318491764,0.650091873389619,1.0,63.50953567098808,True
106,11,1.9014333664,0.0,7.159392090399994,2.7817730616399987,1.2329928207359115,1.9014333664,100.0,True
107,11,1.410566732,0.41211668,3.536052427750186,1.5748613783475394,0.5675657934031489,0.9984500519999999,70.78360983207989,True
108,11,1.2493167,0.1526771624863772,4.582214750180622,1.6232041137779307,0.6168937586707132,1.0966395375136229,87.77914659378385,True
109,11,1.3537834,0.54800004,3.385804907103,1.5664949025496302,0.5435191872811055,0.80578336,59.52084801748936,True
110,11,1.5438,1.5438,6.3788938474232575,2.144138899758884,0.7541109939208269,0.0,0.0,False
111,11,1.1411167,1.1411167,5.0390340940310985,1.4548398564185308,0.536150716670067,0.0,0.0,False
112,11,0.9713167,0.9713167,0.72695550332,0.1798282946760005,0.11096856333292256,0.0,0.0,False
113,11,1.59685,1.59685,0.2337695082999999,0.04909159674300017,0.03069874406550548,0.0,0.0,False
114,11,1.8942333,1.8942333,3.8673909381545344,1.6210926323924526,0.5434325230905658,0.0,0.0,False
115,11,1.5470166,1.5323,4.8065084447,2.326766668207,0.5573610387280172,0.01471660000000008,0.9512890811902134,True
116,11,1.4265667,1.4265667,4.0546805026825155,1.7706620954783283,0.4501799714715244,0.0,0.0,False
117,11,2.07085,1.4435834,5.048165596842317,1.6275674517668866,0.4850032451192756,0.6272666,30.290296255160925,True
118,11,3.2382834,3.2382834,6.338888733544867,2.0424266855109394,0.6112474720517838,0.0,0.0,False
119,11,3.620616736,3.620616736,0.0,2.7755575615628914e-16,5.065392549852277e-16,0.0,0.0,False
120,11,2.4296167,2.4296167,1.9316589385799996,0.96582946929,0.27455202060826783,0.0,0.0,False
121,11,1.90515,1.90515,3.302616827331879,1.6315980706659399,0.4881413991313685,0.0,0.0,False
122,11,2.1762667,2.1762667,3.1477023049971598,1.1327025072494037,0.4132304573886023,0.0,0.0,False
123,11,1.8441334,1.8441334,0.3354860331999999,0.07045206697200035,0.044834249130651524,0.0,0.0,False
124,12,2.1000834,2.1000834,1.1297960497999995,0.2372571704580002,0.15276341226189183,0.0,0.0,False
125,12,2.48435,2.48435,3.3765579255694362,1.2070314099355817,0.47234479547591635,0.0,0.0,False
126,12,1.0288833,1.0288833,3.405183528,0.9237871012000001,0.4477933958134061,0.0,0.0,False
127,12,1.9908,1.9908,2.113513360609928,0.5643814323770852,0.24658533357933118,0.0,0.0,False
128,12,1.4238334,1.4238334,0.0,6.730727086790012e-16,3.434752482434078e-16,0.0,0.0,False
129,12,1.57333336,1.57333336,1.0534774502,0.43600020808000034,0.16866714934715038,0.0,0.0,False
130,12,1.78725,1.78725,2.1773113278,0.92153023541,0.34929575282012554,0.0,0.0,False
131,12,1.8563,1.8563,0.7936598859,0.16666857603900045,0.14940210292900719,0.0,0.0,False
132,12,1.5740666,1.5740666,3.2684293278,1.030339201352,0.5369336433698234,0.0,0.0,False
133,12,1.389,1.389,0.0,2.636779683484747e-16,5.689893001203927e-16,0.0,0.0,False
134,12,2.0097666999999997,2.0097666999999997,0.8060406971,0.16926854639100036,0.13999735036126426,0.0,0.0,False
135,12,1.1809833,1.1809833,1.8023172613999998,0.817971983438,0.3641718252110976,0.0,0.0,False
136,12,1.2402166,1.2402166,2.5780907303000005,1.2333653837100007,0.5204093833288052,0.0,0.0,False
137,12,1.1556166,1.1556166,1.0987472653799997,0.45326763849000007,0.21865392271402243,0.0,0.0,False
138,12,2.1756666,2.1756666,0.09582857329617099,0.02461761340808619,0.01598259257884363,0.0,0.0,False
139,12,3.4282167,3.4282167,1.4514209502000004,0.5630886738780004,0.254238456553779,0.0,0.0,False
140,12,2.2820666,2.2820666,1.1931528631000003,0.2661464874340005,0.22279843890171486,0.0,0.0,False
141,12,2.2418666,2.2418666,2.8698164077970514,1.1629365584985258,0.4337590516632725,0.0,0.0,False
142,12,2.19235,2.19235,3.3783011903746596,1.6018267521873302,0.6196187465510111,0.0,0.0,False
143,12,2.2251832,2.2251832,0.0,3.885780586188048e-16,6.661338147750939e-16,0.0,0.0,False
144,12,2.1533167,2.1533167,0.0,4.163336342344337e-16,6.106226635438361e-16,0.0,0.0,False
145,12,1.7180333,1.7180333,0.0,2.636779683484747e-16,4.2327252813834093e-16,0.0,0.0,False
146,12,2.6318333,2.6318333,0.3703252168000001,0.07776829552800037,0.05033923482819738,0.0,0.0,False
147,12,3.0547333,3.0547333,1.4152468942,0.5486115983000004,0.18505970904644586,0.0,0.0,False
148,12,2.7057667,2.7057667,0.0,4.0245584642661925e-16,6.661338147750939e-16,0.0,0.0,False
149,12,2.5799668,2.5799668,1.6434692551999999,0.7126462991000003,0.29910490449722393,0.0,0.0,False
150,12,2.3082833,2.3082833,5.017742328282895,2.237713732519408,1.0480515165762307,0.0,0.0,False
151,12,1.34285,1.34285,2.61852532,1.0956437700200001,0.5566753791847836,0.0,0.0,False
152,12,1.17583334,1.17583334,1.4205551557826175,0.29831658271435,0.2869646906012262,0.0,0.0,False
153,12,2.1768832,2.1768832,0.0,6.106226635438361e-16,4.996003610813204e-16,0.0,0.0,False
154,12,2.4333832,2.4333832,1.0984634999999998,0.4350257785080003,0.16828290630634773,0.0,0.0,False
155,1,1.8999833,1.8999833,0.0,4.440892098500626e-16,3.3306690738754696e-16,0.0,0.0,False
156,1,2.9392333,2.9392333,0.0,4.996003610813204e-16,4.3021142204224816e-16,0.0,0.0,False
157,1,2.25805,2.25805,0.48567464275999983,0.22964231268000007,0.07588694359581889,0.0,0.0,False
158,1,1.9537,1.9537,0.0,3.0531133177191805e-16,3.885780586188048e-16,0.0,0.0,False
159,1,1.8544,1.8544,0.7969522054000001,0.3984761027000007,0.15920960543325516,0.0,0.0,False
160,1,2.2717166,2.2717166,0.76128966678,0.3806448333900003,0.14382653418523678,0.0,0.0,False
161,1,1.0941334,1.0941334,4.244201831659994,1.3520929158299977,0.7920992474702995,0.0,0.0,False
162,1,1.8821167,1.8821167,0.07734803950870639,0.0162430882968288,0.014048742979496265,0.0,0.0,False
163,1,1.991149964,1.991149964,0.0,1.1102230246251565e-16,6.938893903907228e-16,0.0,0.0,False
164,1,2.0771167,2.0771167,0.4830876058,0.24154380290000035,0.07936094106554817,0.0,0.0,False
165,1,4.1131835,4.1131835,0.0,1.942890293094024e-16,4.440892098500626e-16,0.0,0.0,False
166,1,2.80475,2.80475,0.0,4.0961158076502358e-16,4.855057328390089e-16,0.0,0.0,False
167,1,2.2711418,2.2711418,3.123369506239756,1.4737125126803492,0.5395595049092091,0.0,0.0,False
168,1,2.13005,2.13005,2.5155588713232264,1.164870588707878,0.4375767837252105,0.0,0.0,False
169,1,1.7434666,1.6816833,4.914872843804611,1.9655028169189688,0.8474385861639855,0.061783300000000096,3.54370424991222,True
170,1,1.9479667,1.7624167,4.26414820239332,1.3662668317025974,0.6956806635458614,0.1855500000000001,9.525316834214882,True
171,1,2.0789833,2.0789833,1.79848550332,0.8992427516600001,0.32345121320623305,0.0,0.0,False
172,1,1.9294833,1.9294833,0.05310613900000022,0.011152289190000587,0.0088424536060372,0.0,0.0,False
173,1,3.9498832,3.9498832,0.0,2.498001805406602e-16,4.718447854656915e-16,0.0,0.0,False
174,1,2.4380333,2.4380333,0.31242892370000014,0.08886196185000025,0.04496830065350868,0.0,0.0,False
175,1,4.9387665,4.9387665,0.0,1.1102230246251565e-16,1.942890293094024e-16,0.0,0.0,False
176,1,4.151883,4.151883,0.0,1.942890293094024e-16,4.163336342344337e-17,0.0,0.0,False
177,1,2.9083,2.9083,0.21799963280000018,0.04577992288800031,0.03797559066712116,0.0,0.0,False
178,1,3.9257834,3.9257834,2.24281787616104,1.12140893808052,0.3880195162830067,0.0,0.0,False
179,1,2.7508,2.7508,4.219674734501028,2.1098373672505146,0.7029201001959345,0.0,0.0,False
180,1,2.8374667,2.8374667,3.5285814003243403,1.7642907001621702,0.5481938878218374,0.0,0.0,False
181,1,2.6001,2.6001,5.33769914910317,1.933318032541666,0.7727063754445526,0.0,0.0,False
182,1,1.6762333,1.6762333,5.6240668701358,1.6392009350679002,0.870818493386552,0.0,0.0,False
183,1,1.7724667,1.7724667,5.2132457584478775,1.8937171112460547,0.9661147743743771,0.0,0.0,False
184,1,1.4332833,1.4332833,5.4568041075130065,1.6723997223977318,1.0145870799693841,0.0,0.0,False
185,1,1.99725,1.5410833,5.5948824305868206,1.9719178849926147,0.9856173214458134,0.45616670000000004,22.839739642007764,True
186,2,1.89485,1.89485,3.3395335900000003,1.0234292776000002,0.5694593937001025,0.0,0.0,False
187,2,2.1922834,2.1922834,0.4079577588816353,0.08567112936514373,0.06212370787034557,0.0,0.0,False
188,2,2.1152167,2.1152167,0.45449672136132757,0.2217724549366642,0.07858322332739204,0.0,0.0,False
189,2,2.0335166,2.0335166,0.0997106888,0.04985534440000041,0.0152756286659232,0.0,0.0,False
190,2,2.6612,2.6612,0.0,2.7755575615628914e-16,3.7470027081099033e-16,0.0,0.0,False
191,2,2.574,2.574,0.0,4.163336342344337e-16,5.48172618408671e-16,0.0,0.0,False
192,2,1.4289,1.4289,0.6151613226000001,0.3075806613000005,0.11254337730950706,0.0,0.0,False
193,2,2.5029666,1.0806334,5.659187447094137,1.6041686059571512,0.9928490554994857,1.4223332000000002,56.82589611862979,True
194,2,1.3988833,1.3988833,0.64915675642,0.3245783782100003,0.11907084754480776,0.0,0.0,False
195,2,1.7679917,1.7679917,0.6540123443999998,0.29804966640000014,0.11213874394863557,0.0,0.0,False
196,2,1.5216334,1.3085999999999998,4.370200145,1.2154608981000004,0.6339253104957505,0.21303340000000026,14.000310455856205,True
197,2,1.8722334,1.3779351926948913,6.901739777305108,1.9158303445340732,1.1528201207382232,0.49429820730510876,26.40152703744676,True
198,2,1.44468336,1.44468336,2.7440208656568115,0.6443702823343127,0.4135748731742281,0.0,0.0,False
199,2,1.3254998800000002,1.3254998800000002,6.834912398734094,1.6558476794635417,1.08953852018407,0.0,0.0,False
200,2,1.90845,0.1998833399999999,7.648503533975375,2.0138194043548285,1.2564095806326536,1.70856666,89.52640414996463,True
201,2,2.19205,2.19205,0.6451077017645788,0.13547261737056193,0.09425756408738017,0.0,0.0,False
202,2,2.3011166679999997,2.3011166679999997,0.04226079459999997,0.008874766866000222,0.005459531550970448,0.0,0.0,False
203,2,2.7792833,2.7792833,0.0,3.3306690738754696e-16,6.314393452555578e-16,0.0,0.0,False
204,2,2.2744167,2.2744167,0.027196294600000098,0.005711221866000731,0.003937036776512885,0.0,0.0,False
205,2,1.5253333,1.5253333,0.4255410489700002,0.21277052448500058,0.06691605111491375,0.0,0.0,False
206,2,2.1472666,2.1472666,1.62540279294,0.7672933077720003,0.2654884991521845,0.0,0.0,False
207,2,2.828,2.828,5.497855468936873,2.0878131948767433,0.7306091623785846,0.0,0.0,False
208,2,2.8483667,2.8483667,3.704483609,0.9326179615000002,0.45802175004401025,0.0,0.0,False
209,2,2.0713665,2.0713665,6.53762368686026,1.8044065236856548,0.7160096060514846,0.0,0.0,False
210,2,2.5472167,2.5472167,0.11805363070000019,0.024791262447000514,0.012528200728631506,0.0,0.0,False
211,2,2.5745666,2.5745666,0.0,3.0531133177191805e-16,4.0245584642661925e-16,0.0,0.0,False
212,2,1.9337667,1.9337667,3.731083622,0.9469474680000001,0.4315466457325491,0.0,0.0,False
213,2,1.48505,1.48505,6.386828977919632,1.7926771474042729,0.6767229009425764,0.0,0.0,False
214,3,1.3254666,1.3254666,2.787770121566927,0.5876406373170547,0.31684475409784657,0.0,0.0,False
215,3,1.17965,0.6717,5.4731953875518755,1.149429118020958,0.6249568862489877,0.5079500000000001,43.059382020090716,True
216,3,1.417083256,0.4272461332180572,6.683803992917743,1.504963568052108,0.8973482882444238,0.9898371227819427,69.85031532839893,True
217,3,2.5339334,2.5339334,3.8137208735672283,0.8008813834491181,0.49862886253623534,0.0,0.0,False
218,3,2.54155,2.54155,3.789800254,0.8839891270000002,0.48897206057483006,0.0,0.0,False
219,3,1.3893,1.3893,3.6208349506496065,0.7939138787864175,0.4210190480986675,0.0,0.0,False
220,3,1.3341167,0.7697,5.376859975305578,1.1462941571055916,0.5831839408568773,0.5644167,42.30639643443486,True
221,3,0.68221664,0.0,6.5208166864,2.0376378345,0.7854357598516082,0.68221664,100.0,True
222,3,2.2421668,0.6595119575169897,5.619285918316291,1.8712326476664944,0.7425617747849997,1.5826548424830105,70.58595473285084,True
223,3,1.2521833,0.29723334,6.650806113913312,2.3439058220235425,0.9526106723759133,0.95494996,76.26279315496382,True
224,3,2.9481,1.4971833,6.829998889426447,3.1632109271130484,1.0501133948640293,1.4509167,49.21531494861097,True
225,3,1.7616167,0.4608841673843487,5.837165992615652,2.3856598874492874,1.086130225013898,1.3007325326156514,73.83743198027422,True
226,3,2.5667167,2.5667167,5.869333580811931,2.934666790405966,1.0268458814755745,0.0,0.0,False
227,3,1.50025,0.76045,5.823610410100058,2.2453966629210123,1.034358067260564,0.7398000000000001,49.311781369771715,True
228,3,0.8196833,0.52428335,2.666950022,0.8469758540000001,0.4527234219258571,0.29539994999999997,36.03830284208547,True
229,3,1.0479,0.0,4.610133544,1.01766009934,0.7299001262396411,1.0479,100.0,True
230,3,0.63486665,0.0,3.46688755,0.8172794086999999,0.5684765887013373,0.63486665,100.0,True
231,3,0.76711667,0.0,3.990908502,0.8746598254399999,0.6644980719974647,0.76711667,100.0,True
232,3,0.6420556,0.0,3.6516391471358,0.7904164359379,0.6609564435686847,0.6420556,100.0,True
233,3,0.86473334,0.0,4.107750284,0.89934162228,0.6954945875167134,0.86473334,100.0,True
234,3,1.562766636,1.562766636,4.898159732294562,1.07781209602124,0.8563828630128558,0.0,0.0,False
235,3,1.44641662,1.44641662,2.934559504270395,0.6568478645327832,0.5395587089753049,0.0,0.0,False
236,3,1.2518499666799998,0.9322492702717242,5.544600955908276,1.174946405445738,0.9030331430572793,0.3196006964082756,25.53027159124193,True
237,3,1.4023,0.0,9.8466834252,2.8696486922999997,1.4204097742968642,1.4023,100.0,True
238,3,1.1049167,1.1049167,2.7551546584230655,0.579278533930226,0.39928326304089024,0.0,0.0,False
239,3,1.1042833,0.81313336,5.2143402439824476,1.4946604697963142,0.8313725464566792,0.29114994000000005,26.365511458880164,True
240,3,0.8019,0.4992825386508613,3.6560094525491387,0.8457671704553191,0.5591896769706826,0.30261746134913864,37.737555973205964,True
241,3,0.9137167,0.0,6.4810668176,1.526053401956,1.0539116822809154,0.9137167,100.0,True
242,3,0.6526834000000001,0.0249277625259918,3.017322609274008,0.6512939707195418,0.453889439001015,0.6277556374740083,96.18072674653718,True
243,3,1.01165,0.0,4.6530519069358,0.9953722666565179,0.6751371711408729,1.01165,100.0,True
244,3,1.0990333200000002,0.0,5.7229670181358,1.256231937108518,0.8339663981932288,1.0990333200000002,100.0,True
245,4,1.12405,0.1240500000000001,6.496299898,1.94325147858,1.0096227823501414,0.9999999999999999,88.96401405631421,True
246,4,0.7140666399999999,0.7140666399999999,2.1063481844851544,0.44302917585448254,0.31433306795812405,0.0,0.0,False
247,4,0.92525,0.0,3.0996505290074,0.6544163275809359,0.4434955009116439,0.92525,100.0,True
248,4,1.4236,0.0,7.170350228999999,1.9257080884,1.0872534876923505,1.4236,100.0,True
249,4,0.83183336,0.26888335,3.093448601573162,0.711215429595364,0.49110122782033894,0.56295001,67.675815502278,True
250,4,0.51375,0.0,4.1478303070874,0.871044422567118,0.6113255061094892,0.51375,100.0,True
251,4,1.1056333,0.0,6.73232517,1.4699419919999999,0.8501081140365987,1.1056333,100.0,True
252,4,1.82616662,1.82616662,0.1531196742097527,0.034736185563430416,0.020808416039881206,0.0,0.0,False
253,4,1.3429500799999998,0.0,5.7319470326,1.2888819248699999,0.7497864048483482,1.3429500799999998,100.0,True
254,4,0.6933332999999999,0.0,2.8045753744358,0.6255781980215179,0.3595916716763223,0.6933332999999999,100.0,True
255,4,0.7133167600000001,0.0,3.3052588261358,0.713220230418518,0.40360973214753104,0.7133167600000001,100.0,True
256,4,1.05805,0.0,6.1307584514958,1.3719943392335,0.7446699120994806,1.05805,100.0,True
257,4,1.2761166,1.2761166,1.6961680812646935,0.3596415077445859,0.1859528836229207,0.0,0.0,False
258,4,1.0653499599999998,0.0,5.635433597135799,1.2234611018378998,0.7133497277848517,1.0653499599999998,100.0,True
259,4,0.9703,0.0,3.55367241608,0.75783419818,0.40352251410250073,0.9703,100.0,True
260,4,1.00835,0.0,7.3160082179999995,2.22497155718,1.0271172218415732,1.00835,100.0,True
261,4,0.41068336,0.30108333,1.6650805430064275,0.37930977211134986,0.19172232804347852,0.10960003000000001,26.687234174766665,True
262,4,0.6512666,0.4230555902500001,2.6534030338858,0.5593606908054,0.2884028624430208,0.22821100974999992,35.041104480100756,True
263,4,0.48053333,0.0,2.9618459917999997,0.64861452935,0.34505473462997316,0.48053333,100.0,True
264,4,1.9444166,0.0,5.489300081,1.16591906718,0.6464034621289801,1.9444166,100.0,True
265,4,1.9027,0.8879167,7.1706034808399925,2.3518582251763984,0.9389371612591967,1.0147833,53.33385715036526,True
266,4,2.9423,1.3714167,5.900739809774115,2.925972957349959,0.7582486741760234,1.5708833,53.38963735852904,True
267,4,0.7124,0.63359165,3.4810062385999996,1.226640649046,0.5134013758655134,0.07880835000000008,11.062373666479516,True
268,4,1.1580666,0.8221666,4.03453336728,1.2737453551400004,0.5795595193378754,0.3359,29.005240285835026,True
269,4,0.42243338,0.20758332,3.1381740840305974,0.8787640575304254,0.4110764023499679,0.21485006000000004,50.86010485250954,True
270,4,0.9948,0.0,3.48307513,1.121954943,0.4723612709089695,0.9948,100.0,True
271,4,1.37596663344,0.0447342856961692,3.023549516115431,1.0636714750899514,0.4417585790472778,1.3312323477438308,96.74888295915063,True
272,4,0.70473333,0.0,2.4216507115432,1.0104158528240719,0.38333735010304454,0.70473333,100.0,True
273,4,1.1442334,0.0,3.5151507783432,1.569350692452072,0.5257617572981176,1.1442334,100.0,True
274,4,1.95795,0.0,4.7505672956358005,2.257818962323518,0.8531497009613164,1.95795,100.0,True
275,5,2.74068348,0.39638335,7.126062472358264,3.210639151354946,1.21159776047097,2.3443001299999997,85.5370620908037,True
276,5,2.37508328,1.37508328,5.865273507698574,2.932636753849287,1.0136730872249007,1.0000000000000002,42.10378677753145,True
277,5,2.50600006,0.6850917,5.872938459859856,2.9364692299299286,0.9751797057427203,1.8209083599999998,72.66194399053605,True
278,5,1.21825,0.3298,3.0447170218,1.5076361044480002,0.5207683839716205,0.8884500000000001,72.9283808742048,True
279,5,1.1064333336,1.1064333336,3.5086315461501614,0.9892522064388809,0.44625786339033796,0.0,0.0,False
280,5,1.5659667,1.5659667,3.8844000083000005,1.3818620131806003,0.5598297230865199,0.0,0.0,False
281,5,1.3058167,1.3058167,1.5873170122716,0.7535852649570361,0.2687747196636559,0.0,0.0,False
282,5,0.84355,0.0,3.7329171387697997,1.0221089537416579,0.6031455284384948,0.84355,100.0,True
283,5,1.7087834,0.8795403754258883,6.749626306574112,1.8305700139405634,1.1308002966501471,0.8292430245741117,48.52827014670857,True
284,5,0.8969833359999999,0.8969833359999999,1.0727003102716,0.5285007485470364,0.1874748367059222,0.0,0.0,False
285,5,1.15475008,0.15475008,3.0510172537432,1.184540965416072,0.46973724642020853,0.9999999999999999,86.59882491629703,True
286,5,0.6840167,0.0,3.1483503902716,1.071353767957036,0.44535237053726545,0.6840167,100.0,True
287,5,1.1316666,0.0,3.845891718,1.2910962480200001,0.47300523587710475,1.1316666,100.0,True
288,5,1.0053667,0.0,6.7490836816,1.9360015825319998,0.9596236835764848,1.0053667,100.0,True
289,5,2.0005167,1.3490334,4.868373457360429,1.6854240801456901,0.8101977166584045,0.6514833,32.565751638064306,True
290,5,1.7375,1.7375,0.035952836099999996,0.007550095581000733,0.006437222278212057,0.0,0.0,False
291,5,1.4062667,1.4062667,0.51513361585,0.23920491839450014,0.12333876463885211,0.0,0.0,False
292,5,0.903049932,0.0,3.1668338048406097,1.341223263846528,0.703529616215687,0.903049932,100.0,True
293,5,1.877550068,0.5390786796190079,6.733705055416792,3.111285109124014,0.8710569063317382,1.338471388380992,71.28818619504277,True
294,5,1.77756676,1.012766668,5.05476960154712,1.7135674983735605,0.6295772372509142,0.764800092,43.025112148249214,True
295,5,2.8208166,1.5044833000000002,5.942214624405164,2.971107312202582,0.8831703214686644,1.3163333,46.664972830917115,True
296,5,2.5733166,1.8262833,5.881353703402064,2.839959834301032,0.8694084502379115,0.7470333,29.02998022085584,True
297,5,1.7923500360000002,0.5024,5.792733656271601,2.8672507468570365,0.7975571885087392,1.2899500360000002,71.96976093346088,True
298,5,1.1885166664,0.31713334,1.6861064268899788,0.7312660395328958,0.21387840099632072,0.8713833263999999,73.31687901688477,True
299,5,0.854149982,0.0,2.8451172352074,1.0778257914735538,0.34004501335392595,0.854149982,100.0,True
300,5,1.330866666,0.0,4.5234918928,1.6575429736279998,0.4907381153498354,1.330866666,100.0,True
301,5,1.5952999332,0.0,5.8845837507373995,2.7009053793828537,0.631888745115915,1.5952999332,100.0,True
302,5,2.2432833,0.97926664,6.546501054805526,3.0768568686803106,0.7410789051617144,1.2640166599999998,56.346724464092425,True
303,5,0.9958,0.35465,2.3035503351358,1.1366322592785183,0.2995028605675765,0.64115,64.38541875878691,True
304,5,0.7860666639999999,0.0,4.8962504282716,1.593504780577036,0.615131177660127,0.7860666639999999,100.0,True
305,5,0.93575,0.0,4.4934919854716,1.755736266627752,0.5465137000784519,0.93575,100.0,True
306,6,2.4973,0.5420911759586249,7.326542278177175,3.506055457372219,0.9366072058637083,1.9552088240413752,78.29290930370301,True
307,6,2.700100132,1.4835166679999998,5.918796263823543,2.256116491129417,0.6840885906239095,1.2165834640000004,45.05697583514656,True
308,6,2.60871666,1.9409333,5.927640624800352,2.3710562499201413,0.7647005533959825,0.6677833599999998,25.59815599138313,True
309,6,2.7612500000000004,1.3646333,5.925614942687209,3.1998320690510935,0.9093163467041466,1.3966167000000005,50.57914712539612,True
310,6,1.6841834,0.47500834,3.8203420557,2.048285953694,0.5228127246042903,1.20917506,71.7959255506259,True
311,6,2.6942,1.008513183814804,7.80410294405286,3.6013249120285447,1.0117458840328564,1.685686816185196,62.5672487634621,True
312,6,0.91831662,0.2966,2.857600278,1.4320160726800004,0.4341126163369044,0.62171662,67.70177153060783,True
313,6,1.109600032,0.0,5.118417017,1.98977979238,0.6775363446485557,1.109600032,100.0,True
314,6,0.66143334,0.0,4.4963336791358,1.234830417509876,0.6281543306522198,0.66143334,100.0,True
315,6,0.9555333,0.0,6.658333246,1.72288730884,1.0937130010153064,0.9555333,100.0,True
316,6,1.2010916,0.25693333,3.026285251965601,1.1289934527124323,0.6430799403585802,0.94415827,78.60834843903662,True
317,6,1.21219996,0.0,5.2866004092716,2.0397134644397523,1.2768761635220292,1.21219996,100.0,True
318,6,2.07939992,0.08640008,7.311004361663253,3.4805236224112446,1.6516963466094958,1.9929998400000002,95.84495126844095,True
319,6,2.3826500000000004,1.6849667,5.877089128062348,2.8536281291536687,1.2170122432510118,0.6976833000000005,29.281820661868103,True
320,6,2.47725002,1.441715987284115,6.391083880715885,3.2956333083865785,1.358377748751188,1.035534032715885,41.80175696258083,True
321,6,3.1404332640000003,3.1404332640000003,5.427225881704641,1.4811214282818563,1.0461385146651232,0.0,0.0,False
322,6,3.0820333360000003,3.0820333360000003,6.090453535092589,2.0594654152370353,1.2674265385979115,0.0,0.0,False
323,6,2.527,2.1137628866674905,6.26487078533251,3.1555315552795555,1.5393315217659438,0.4132371133325097,16.352873499505723,True
324,6,3.018966632,2.226626418734517,5.869173733265484,2.771135140763362,1.2918897672260858,0.7923402132654833,26.245411422138677,True
325,6,3.444883328,3.444883328,2.1401967656,0.4708432884320006,0.46741219521069566,0.0,0.0,False
326,6,2.6685,1.6055334,5.930205541519114,3.202310992420322,1.3056622364824224,1.0629665999999998,39.833861720067446,True
327,6,2.395800064,1.0329174855677294,5.886365778432271,3.1786375203534267,1.3221713800339716,1.3628825784322705,56.886323650764815,True
328,6,2.7762666639999996,1.792633336,5.942488309872216,2.376995323948887,1.1334057614066704,0.9836333279999996,35.43007380216124,True
329,6,2.81321672,2.4653998668,5.935886255715591,2.374354502286237,1.0503283835054358,0.3478168531999999,12.36367076618256,True
330,6,2.9401166720000003,2.07985,5.955048276595775,3.2157260693617196,1.1738774588905767,0.8602666720000003,29.259610007748705,True
331,6,2.65059994,1.5281499667999998,5.931723699057514,3.2031307974910583,1.1807038985160268,1.1224499732000004,42.34701571750584,True
332,6,2.25263336,0.6296484694204073,5.878051443779593,3.17414777964098,1.1102507159048043,1.6229848905795925,72.04833770994107,True
333,6,2.633383336,1.927466668,5.893553456410773,2.8625188664618184,1.2274472552883366,0.705916668,26.806453065517537,True
334,6,2.2174,0.74029446,5.860647334496846,3.1647495606282976,1.3645672294182682,1.4771055400000002,66.61430233606927,True
335,6,2.60843324,2.4130833,6.330661187112053,2.459127486844822,1.2744041081958648,0.19534994000000028,7.489167712032388,True
336,7,3.5653332,3.1843,5.984561231093027,2.3938244924372114,1.181889716340779,0.38103320000000007,10.687169434823092,True
337,7,3.3188832,3.152845960465956,5.593437339534043,2.806376163348384,1.162464428301066,0.16603723953404392,5.002804543831007,True
338,7,3.4944167,3.4944167,5.919421208102157,3.104610089175165,1.1751747989836054,0.0,0.0,False
339,7,2.89646668,2.7053666,5.009531176578408,1.99770952975234,1.0679298426009305,0.19110008,6.597696473414981,True
340,7,2.8532,2.8532,2.07199732135805,0.45583941069877176,0.4091384002505267,0.0,0.0,False
341,7,3.6476834,3.6476834,2.2994042614000008,0.5058689375080002,0.4483348625424543,0.0,0.0,False
342,7,3.53895,3.53895,1.824257,0.4013365400000006,0.30447382374753035,0.0,0.0,False
343,7,2.59166668,2.59166668,2.2174970560000005,0.48784935232000054,0.337129639724776,0.0,0.0,False
344,7,3.153866628,3.153866628,1.6979515508,0.37354934117600047,0.34368420095498564,0.0,0.0,False
345,7,2.1626666,2.1626666,2.987268477666473,1.2302716595398961,0.6957199160472665,0.0,0.0,False
346,7,2.112350036,2.112350036,3.0437710737221044,1.5769616918099367,0.7459501420134037,0.0,0.0,False
347,7,2.69501668,2.69501668,2.2119703343840054,0.8927786045673637,0.5672976450957399,0.0,0.0,False
348,7,2.6858334000000004,2.6858334000000004,4.124319072059885,1.8050363245123382,0.8110246583288745,0.0,0.0,False
349,7,3.29475,3.29475,2.1064226048000005,0.4634129730560001,0.39097453830741713,0.0,0.0,False
350,7,3.10989184,3.10989184,1.9014125218000009,0.41831075479600066,0.3525379428229684,0.0,0.0,False
351,7,2.7273333,2.7273333,1.1500619440000002,0.2530136276800007,0.26755072135902147,0.0,0.0,False
352,7,3.0968933400000003,3.0968933400000003,2.182761392008933,0.48020750624196545,0.521303991035597,0.0,0.0,False
353,7,2.5655167,2.5655167,3.0367703568203415,1.1531840054829847,0.7822062251302885,0.0,0.0,False
354,7,2.6578500000000003,2.3709440961595005,3.6469058838404997,1.92228383327387,1.0111636469695824,0.28690590384049974,10.79466124275259,True
355,7,3.3259168,3.3259168,5.816611580327109,2.8136689285766394,1.543152330669351,0.0,0.0,False
356,7,2.8723000360000004,2.8723000360000004,2.5301857282,0.5566408602040003,0.5670460857988319,0.0,0.0,False
357,7,2.5721999332000003,2.5721999332000003,2.4903851139845044,0.5478847250765908,0.5302583504250771,0.0,0.0,False
358,7,2.2080667,2.2080667,1.5965050498000006,0.5834053642360003,0.30861604649024776,0.0,0.0,False
359,7,2.0477167332,2.0477167332,3.2095547877331856,1.7009302477759203,0.5993930620592356,0.0,0.0,False
360,7,2.3706167,2.3706167,4.019804927466517,2.0908413104319195,0.7909552211267343,0.0,0.0,False
361,7,2.3688833,2.3688833,3.342223678430565,1.438528786352505,0.6864405715441908,0.0,0.0,False
362,7,2.32831672,1.5258166668,5.060549255529813,2.6221099611860996,1.0895087817845335,0.8025000532000002,34.46696260464084,True
363,7,2.6041333,2.6041333,4.033628740671765,1.251135457868706,0.6922873596734366,0.0,0.0,False
364,7,3.4637832668,3.4637832668,3.023398770927519,0.665147729604054,0.5138056757832439,0.0,0.0,False
365,7,3.839883332,3.839883332,2.7441444475153354,0.7493632880582817,0.5975213208503724,0.0,0.0,False
