month,month_label,observations,baseline_import_kwh,pv_priority_import_kwh,import_reduction_kwh,baseline_export_kwh,pv_priority_export_kwh,export_reduction_kwh,baseline_cost,pv_priority_cost,cost_saving,baseline_carbon_kg,pv_priority_carbon_kg,carbon_reduction_kg,baseline_peak_kw,pv_priority_peak_kw,import_reduction_pct,cost_saving_pct,carbon_reduction_pct,peak_reduction_kw,peak_reduction_pct
8,Aug,744,503.9753200912,378.9481507995838,125.02716929161618,154.983683833,6.175723314025828,148.80796051897417,178.351429606464,118.78743760381992,59.563992002644085,95.44477921533145,69.11338785016392,26.331391365167544,3.9715667,3.9715667,24.80819284344938,33.396980407767536,27.58808976419937,0.0,0.0
9,Sep,720,333.96181549087,241.2367808817893,92.72503460908068,127.227905206,16.478272559041915,110.74963264695808,124.0666199283626,84.11082530779643,39.95579462056616,59.27209817743075,42.04509061187524,17.22700756555551,3.39461663336,3.3681,27.765160658499187,32.2051125787396,29.06427829496864,0.026516633359999986,0.7811377903299129
10,Oct,744,239.55475415717996,126.82383535331802,112.73091880386193,178.820143913,42.58690863261003,136.23323528038998,79.29778953867978,36.33750242459202,42.96028711408776,35.62315364139752,18.354022196293545,17.269131445103977,2.85603334,2.64275,47.05851870921141,54.17589489443794,48.477267394528454,0.21328334000000027,7.467816884798699
11,Nov,720,317.80035571178297,190.14994971899088,127.65040599279209,170.844549814,19.120448121675807,151.72410169232418,96.11971779249262,47.62157417413702,48.498143618355606,40.343818276783644,22.507628864612606,17.836189412171038,3.620616736,3.620616736,40.166854346934656,50.45597795350948,44.21046438838214,0.0,0.0
12,Dec,744,643.341815866,597.9288208679072,45.412994998092756,54.674650916,0.0,54.674650916,172.263163460294,155.4425261428536,16.820637317440376,97.89486797649684,90.11042293917161,7.784445037325225,3.4282167,3.4282167,7.058921692656102,9.764500418754626,7.951841805633937,0.0,0.0
1,Jan,744,843.0647661575158,786.2948891468399,56.76987701067588,69.029456794,0.9423626615853624,68.08709413241463,228.4699663938699,206.26673507722072,22.203231316649184,127.86526520301275,118.23369695802394,9.631568244988816,4.9387665,4.9387665,6.733750393747229,9.718227593368667,7.5325916148507535,0.0,0.0
2,Feb,672,536.570975701559,466.914191270372,69.65678443118702,88.85172342465968,5.095340901165881,83.7563825234938,140.6075363716195,120.0694585108022,20.538077860817296,75.03622980167894,64.53281437382077,10.503415427858162,2.8483667,2.8483667,12.98183979111277,14.606669308632267,13.99779207406706,0.0,0.0
3,Mar,744,256.1492253965136,104.54638323587783,151.60284216063576,303.6714241901397,118.10010412413807,185.57132006600165,67.82082799597002,25.266318036443565,42.55450995952645,37.61132804602152,15.033187582834854,22.578140463186664,2.9481,2.5667167,59.18536037966062,62.745488689779904,60.030160156960875,0.3813833,12.93657949187612
4,Apr,720,153.2894358975108,29.807653102509672,123.48178279500112,336.1795858209213,191.70975544882478,144.46983037209657,40.30839163580154,6.3316785057815235,33.976713130020016,20.47258180165376,3.7798438557255785,16.69273794592818,2.9423,1.82616662,80.55465927708218,84.291909826147,81.53704358177117,1.11613338,37.93404411514801
5,May,744,221.354460308437,90.42473647622676,130.92972383221024,310.188552118,154.7402061309996,155.44834598700038,77.69103883374977,24.047877104162612,53.643161729587156,31.965191937537302,12.794561535244423,19.17063040229288,2.8208166,1.8262833,59.1493497125704,69.04678137253073,59.97345625126831,0.9945333000000001,35.25692879147124
6,Jun,720,326.971141697358,159.98953088395587,166.98161081340214,297.277080674,101.28736649194678,195.9897141820532,128.35640179575077,53.80730341942749,74.54909837632327,58.06588773639239,27.254654769394147,30.811232966998247,3.444883328,3.444883328,51.06921973192333,58.07976644199698,53.06253665986325,0.0,0.0
7,Jul,744,581.9165034398,478.7091283661337,103.2073750736663,126.19985442,2.983167336672265,123.21668708332773,207.52851741729202,167.32730843370024,40.20120898359177,111.93846410465837,90.16912604970042,21.769338054957935,3.839883332,3.839883332,17.735770417850546,19.371414340495864,19.447594023270142,0.0,0.0
