baseline_peak_rank,timestamp,month,hour,load_kwh,pv_kwh,baseline_import_kwh,grid_import_kwh,import_reduction_kwh,soc_start_kwh,soc_end_kwh,battery_exchange_kwh,price_per_kwh,carbon_intensity_kg_per_kwh
1,4195,1,19,4.9387665,0.0,4.9387665,4.9387665,0.0,0.0,0.0,0.0,0.5,0.14538732
2,4220,1,20,4.151883,0.0,4.151883,4.151883,0.0,0.0,0.0,0.0,0.5,0.17007406
3,3956,1,20,4.1131835,0.0,4.1131835,4.1131835,0.0,0.0,0.0,0.0,0.5,0.14548133
4,334,8,22,3.9715667,0.0,3.9715667,3.9715667,0.0,0.0,0.0,0.0,0.22,0.19411258
5,4149,1,21,3.9498832,0.0,3.9498832,3.9498832,0.0,0.0,0.0,0.0,0.21,0.15929015
6,4270,1,22,3.9257834,0.0,3.9257834,3.9257834,0.0,0.0,0.0,0.0,0.21,0.13744062
7,8754,7,18,3.9646,0.124716668,3.839883332,3.839883332,0.0,0.0,0.0,0.0,0.54,0.22573857
8,331,8,19,3.74295,0.0,3.74295,3.74295,0.0,0.0,0.0,0.0,0.4,0.21404791
9,378,8,18,3.7408667,0.036083332,3.704783368,0.2192327621513214,3.4855506058486787,3.674092938087212,0.0,-3.4855506058486787,0.54,0.23686099
10,8179,7,19,3.6476834,0.0,3.6476834,3.6476834,0.0,0.0,0.0,0.0,0.54,0.19648808
11,2845,11,13,3.8666334,0.246016664,3.620616736,3.620616736,0.0,0.0,0.0,0.0,0.21,0.13487335
12,355,8,19,3.5708833,0.0,3.5708833,3.5708833,0.0,0.0,0.0,0.0,0.54,0.21343854
13,8058,7,18,3.7118332,0.1465,3.5653332,1.5098220089069736,2.0555111910930264,2.166699039939858,0.0,-2.0555111910930264,0.4,0.20038146
14,738,8,18,3.5828333,0.022683332,3.5601499679999997,3.5601499679999997,0.0,0.0,0.0,0.0,0.54,0.17600298
15,186,8,18,3.6259334,0.083216668,3.542716732,0.0,3.542716732,5.517367194070253,1.7830158681008106,-3.542716732,0.54,0.20766042
16,8203,7,19,3.53895,0.0,3.53895,3.53895,0.0,0.0,0.0,0.0,0.4,0.1889987
17,739,8,19,3.5360167,0.0,3.5360167,3.5360167,0.0,0.0,0.0,0.0,0.54,0.17424631
18,426,8,18,3.5656834,0.038766668,3.526916732,2.5880034135818404,0.9389133184181597,0.9897015372227692,0.0,-0.93891331841816,0.54,0.23274596
19,8178,7,18,3.7311666,0.23285,3.4983166,3.4983166,0.0,0.0,0.0,0.0,0.54,0.19925681
20,8107,7,19,3.4944167,0.0,3.4944167,3.4944167,0.0,0.0,0.0,0.0,0.54,0.1959517
