hour_source_1_to_24,n,load_mean_kwh_step,load_p10_kwh_step,load_p90_kwh_step,pv_mean_kwh_step,pv_p10_kwh_step,pv_p90_kwh_step,surplus_hours,surplus_kwh
1,365,0.6379421621,0.241296664,1.41478332,0,0,0,0,0
2,365,0.6125770341,0.235036672,1.33651998,0,0,0,0,0
3,365,0.6194984862,0.242426666,1.40714334,0,0,0,0,0
4,365,0.7554973315,0.261416672,1.77792668,0,0,0,0,0
5,365,0.6944991044,0.260980002,1.54640002,0,0,0,0,0
6,365,0.6910120889,0.247933332,1.60959,0.07597071707,0,0.286719992,20,1.442733386
7,365,0.8692040217,0.284176674,1.86693336,0.6065972139,0,1.181639992,163,71.88113293
8,365,0.9162002506,0.276489996,1.88099328,1.291849955,0.2976033344,1.912336672,251,201.2999754
9,365,1.179423566,0.285763322,2.26571336,1.811111577,0.570160008,2.452576704,287,273.7200247
10,365,1.878848709,0.977996684,2.60770666,2.174154169,0.79911664,2.85688328,280,144.2118192
11,365,1.739212575,0.56101336,2.60633326,2.302546335,0.742673352,3.01692,280,244.4093689
12,365,1.462103768,0.430539992,2.48766672,2.289258963,0.761976664,3.04034668,291,349.635196
13,365,1.208949904,0.2988567,2.34272324,2.083063659,0.671443344,2.87618996,295,368.3848638
14,365,0.984109606,0.261105008,2.07226008,1.727219213,0.504,2.522616656,291,322.0296897
15,365,1.046857616,0.22804335,2.20530328,1.225819334,0.29517,2.012323344,222,174.3478097
16,365,1.269629097,0.137283396,2.73520336,0.6996995742,0.01705,1.358323344,118,54.56359633
17,365,1.25945249,0.080223386,3.15418666,0.2761744534,0,0.64249,62,10.56331928
18,365,1.223674411,0.052513352,2.77298668,0.05755644737,0,0.1597499984,26,1.459081727
19,365,1.032451583,0.0330533972,2.25925998,0.002652968032,0,0.01205666672,0,0
20,365,0.7252434735,0.0280500684,1.83516338,0,0,0,0,0
21,365,0.8360579261,0.0234667608,2.07605336,0,0,0,0,0
22,365,0.9237104703,0.010423422,1.97738668,0,0,0,0,0
23,365,0.8285324317,0.0162367388,1.73208668,0,0,0,0,0
24,365,0.7358411565,0.226958336,1.55573504,0,0,0,0,0
