month,hours,load_kwh,pv_generation_kwh,potential_surplus_kwh,peak_import_before_battery_kw
8,744,928.199028,579.2073917,154.9836838,3.9715667
9,720,692.9353453,486.201435,127.2279052,3.394616633
10,744,512.5403512,451.805741,178.8201439,2.85603334
11,720,566.7327778,419.7769719,170.8445498,3.620616736
12,744,905.081374,316.414209,54.67465092,3.4282167
1,744,1086.445982,312.4106723,69.02945679,4.9387665
2,672,763.4118451,315.6925929,88.85172342,2.8483667
3,744,548.1901521,595.7123509,303.6714242,2.9481
4,720,445.5815988,628.4717487,336.1795858,2.9423
5,744,536.9063601,625.7404519,310.1885521,2.8208166
6,720,712.1421944,682.4481334,297.2770807,3.444883328
7,744,1109.476172,653.7595231,126.1998544,3.839883332
