hour,mean_load_kwh,mean_pv_kwh,mean_charge_kwh,mean_discharge_kwh,mean_soc_kwh,mean_grid_import_kwh
1,0.6379421621198504,0.0,0.0,0.0885634293535154,0.82682595403688,0.549378732766335
2,0.6125770341442279,0.0,0.0,0.07622637594581654,0.7431566365629952,0.5363506581984114
3,0.6194984862222899,0.0,0.0,0.07947254868997726,0.6559241815984953,0.5400259375323126
4,0.7554973315479453,0.0,0.0,0.09451021270668451,0.5522492772466593,0.6609871188412607
5,0.6944991043561644,0.0,0.0,0.0822441265929254,0.46197462030695063,0.612254977763239
6,0.6910120888767124,0.07597071706542466,0.00395269420821918,0.05095614689625635,0.4096440585512802,0.5680379191232505
7,0.8692040217260273,0.6065972138849315,0.19693461077808216,0.04245151714522178,0.5424634339952663,0.4170899014739563
8,0.9162002505753424,1.291849955100274,0.5474587190968904,0.00857374448219178,1.0321478461626528,0.16728333299835618
9,1.1794235660273973,1.8111115774575341,0.7159974799003961,0.012284579656197754,1.6749200987671273,0.10594531055561643
10,1.8788487088767123,2.1741541693150683,0.3551772665562375,0.017597748430969708,1.9797803108539915,0.08219775843561644
11,1.7392125746027398,2.3025463350246578,0.6101837692019744,0.023481613620242505,2.5142546374002293,0.08279938414547945
12,1.4621037675534247,2.2892589631835616,0.8029992414655845,0.04562553781040575,3.2019911044700247,0.08512398635945205
13,1.2089499039945206,2.083063658893151,0.6184226210680739,0.03992197980937792,3.7247659384996643,0.09523835749972603
14,0.9841096059629324,1.7272192125523287,0.30891666674604196,0.03732212500250276,3.9657583326576793,0.10184200092493151
15,1.0468576160149727,1.2258193344843835,0.08605834707335445,0.14949368683603034,3.8804264417366428,0.14921006727097202
16,1.2696290966425292,0.6996995741852055,0.019395111868493155,0.42842953392016314,3.4293663375932963,0.29098932018005996
17,1.2594524900351924,0.2761744534103014,0.004225341546849318,0.5858275187250708,2.797396988573323,0.4263911186717222
18,1.2236744110722177,0.05755644736723288,0.0007700297613884414,0.5401482222292605,2.2114612612576794,0.629967225660527
19,1.0324515830963348,0.002652968032328767,0.0,0.3076507511765404,1.8752905349227282,0.7221478638874657
20,0.7252434735106219,0.0,0.0,0.1835908438097715,1.6740088373058386,0.5416526297008503
21,0.8360579261196843,0.0,0.0,0.21826556126875948,1.434981204357798,0.6177923648509248
22,0.923710470338813,0.0,0.0,0.1922379566525214,1.2243192001001622,0.7314725136862916
23,0.8285324317053254,0.0,0.0,0.15055185943326332,1.0591553908314693,0.6779805722720621
24,0.7358411564563402,0.0,0.0,0.1231397980126802,0.9240254161760555,0.61270135844366
