month,load_kwh,pv_kwh,baseline_import_kwh,strategy_import_kwh,baseline_export_kwh,strategy_export_kwh,baseline_cost,strategy_cost,baseline_carbon_kg,strategy_carbon_kg,baseline_peak_kw,strategy_peak_kw,battery_charge_kwh,battery_discharge_kwh,import_reduction_kwh,cost_saving,carbon_reduction_kg,peak_reduction_kw
8,928.199027957,579.2073916988,503.9753200912,378.9481507995838,154.98368383300001,6.175723314025829,178.351429606464,118.78743760381992,95.44477921533147,69.11338785016392,3.9715667,3.9715667,148.80797779373978,125.02718656638179,125.02716929161619,59.56399200264407,26.331391365167548,0.0
9,692.93534529431,486.20143500944,333.96181549087,241.2367808817893,127.227905206,16.478272559041915,124.0666199283626,84.11082530779645,59.27209817743075,42.04509061187525,3.39461663336,3.3681,110.74965670815546,92.72505867027805,92.7250346090807,39.95579462056615,17.227007565555496,0.026516633359999986
10,512.54035123138,451.8057409872,239.55475415717996,126.82383535331802,178.820143913,42.58690863261003,79.29778953867978,36.337502424592024,35.62315364139752,18.354022196293553,2.8560333399999998,2.64275,136.23329990497507,112.73098342844703,112.73091880386194,42.960287114087755,17.26913144510397,0.21328333999999982
11,566.732777771703,419.77697187392,317.80035571178297,190.14994971899088,170.844549814,19.120448121675807,96.11971779249262,47.621574174137024,40.343818276783644,22.507628864612613,3.620616736,3.620616736,151.7241554688453,127.65045976931322,127.65040599279209,48.4981436183556,17.83618941217103,0.0
12,905.081373966,316.414209016,643.341815866,597.9288208679072,54.674650916,0.0,172.263163460294,155.44252614285364,97.89486797649684,90.11042293917163,3.4282167,3.4282167,54.674650916,45.412994998092756,45.41299499809281,16.820637317440372,7.784445037325213,0.0
1,1086.445981644796,312.41067228128003,843.0647661575158,786.2948891468399,69.029456794,0.9423626615853625,228.4699663938699,206.26673507722072,127.86526520301275,118.23369695802396,4.9387665,4.9387665,68.08709430311134,56.76987718137259,56.76987701067594,22.20323131664918,9.631568244988799,0.0
2,763.4118451300593,315.69259285316,536.570975701559,466.914191270372,88.85172342465968,5.095340901165882,140.6075363716195,120.0694585108022,75.03622980167894,64.53281437382078,2.8483667,2.8483667,83.75640365616648,69.6568055638597,69.65678443118696,20.538077860817282,10.503415427858158,0.0
3,548.1901521096939,595.71235090332,256.1492253965136,104.54638323587783,303.6714241901397,118.10010412413807,67.82082799597002,25.266318036443568,37.61132804602152,15.033187582834858,2.9481,2.5667167,185.57146653319467,151.6029886278288,151.60284216063576,42.554509959526456,22.578140463186664,0.3813833
4,445.5815987695495,628.47174869296,153.2894358975108,29.807653102509676,336.1795858209213,191.70975544882478,40.30839163580154,6.331678505781526,20.47258180165376,3.7798438557255807,2.9423,1.82616662,144.4699658911221,123.48191831402667,123.48178279500112,33.976713130020016,16.69273794592818,1.11613338
5,536.906360070437,625.74045188,221.354460308437,90.42473647622676,310.188552118,154.7402061309996,77.69103883374977,24.047877104162616,31.965191937537302,12.794561535244428,2.8208166,1.8262833,155.44842457030407,130.9298024155139,130.92972383221024,53.643161729587156,19.170630402292872,0.9945333000000001
6,712.142194402158,682.4481333788,326.971141697358,159.98953088395587,297.277080674,101.28736649194678,128.35640179575077,53.8073034194275,58.0658877363924,27.254654769394154,3.444883328,3.444883328,195.98975290303719,166.98164953438612,166.98161081340214,74.54909837632327,30.811232966998244,0.0
7,1109.476172129,653.7595231092,581.9165034398,478.7091283661337,126.19985442,2.983167336672265,207.52851741729202,167.32730843370024,111.93846410465837,90.16912604970044,3.839883332,3.839883332,123.21669458547721,103.20738257581577,103.20737507366624,40.20120898359178,21.769338054957927,0.0
