hour_source_1_to_24,observations,mean_load_kwh_step,mean_pv_generation_kwh_step,mean_direct_pv_use_kwh_step,mean_grid_import_kwh_step,mean_grid_export_kwh_step,annual_grid_import_kwh,annual_grid_export_kwh,annual_cost_currency,annual_carbon_kgco2
1,365,0.6379421621,0,0,0.6379421621,0,232.8488892,0,49.52083502,30.65639776
2,365,0.6125770341,0,0,0.6125770341,0,223.5906175,0,47.52020192,28.78932724
3,365,0.6194984862,0,0,0.6194984862,0,226.1169475,0,47.99951763,28.77342721
4,365,0.7554973315,0,0,0.7554973315,0,275.756526,0,58.43956887,35.0541132
5,365,0.6944991044,0,0,0.6944991044,0,253.4921731,0,53.74788412,33.9429364
6,365,0.6910120889,0.07597071707,0.07201802286,0.618994066,0.003952694208,225.9328341,1.442733386,47.75068054,32.82792074
7,365,0.8692040217,0.6065972139,0.4096626031,0.4595414186,0.1969346108,167.7326178,71.88113293,35.27279924,25.3444828
8,365,0.9162002506,1.291849955,0.7403431731,0.1758570775,0.551506782,64.18783328,201.2999754,13.48373532,10.03925882
9,365,1.179423566,1.811111577,1.061193702,0.1182298644,0.7499178758,43.1539005,273.7200247,9.075863105,6.764482415
10,365,1.878848709,2.174154169,1.779053295,0.09979541408,0.3951008745,36.42532614,144.2118192,7.680866489,5.831827267
11,365,1.739212575,2.302546335,1.632931626,0.1062809489,0.6696147094,38.79254637,244.4093689,8.207738873,6.371497831
12,365,1.462103768,2.289258963,1.331354317,0.1307494509,0.9579046465,47.72354957,349.635196,10.20848049,8.41744373
13,365,1.208949904,2.083063659,1.073790059,0.1351598445,1.009273599,49.33334326,368.3848638,10.53032218,8.645690266
14,365,0.984109606,1.727219213,0.84494609,0.1391635159,0.8822731225,50.79468332,322.0296897,10.83151316,8.611304347
15,365,1.046857616,1.225819334,0.7481541023,0.2987035137,0.4776652322,109.0267825,174.3478097,23.34032565,19.5695417
16,365,1.269629097,0.6996995742,0.5502102692,0.7194188275,0.149489305,262.587872,54.56359633,130.30593,48.16800837
17,365,1.25945249,0.2761744534,0.2472338526,1.012218637,0.02894060077,369.4598026,10.56331928,185.6760807,69.48638683
18,365,1.223674411,0.05755644737,0.05355896318,1.170115448,0.003997484185,427.0921385,1.459081727,213.4931398,81.03089054
19,365,1.032451583,0.002652968032,0.002652968032,1.029798615,0,375.8764945,0,186.9844387,69.87101827
20,365,0.7252434735,0,0,0.7252434735,0,264.7138678,0,131.8566783,47.17096607
21,365,0.8360579261,0,0,0.8360579261,0,305.161143,0,65.13818583,52.09167043
22,365,0.9237104703,0,0,0.9237104703,0,337.1543217,0,72.08302502,53.0833269
23,365,0.8285324317,0,0,0.8285324317,0,302.4143376,0,64.49428741,44.29257553
24,365,0.7358411565,0,0,0.7358411565,0,268.5820221,0,57.23930232,36.69917125
