month,hours,load_kwh,pv_generation_kwh,direct_pv_use_kwh,grid_import_kwh,grid_export_kwh,peak_hourly_average_grid_import_kw,electricity_cost_currency,operational_carbon_kgco2,pv_self_consumption_ratio,pv_self_sufficiency_ratio
8,744,928.199028,579.2073917,424.2237079,503.9753201,154.9836838,3.9715667,178.3514296,95.44477922,0.7324210878,0.4570395951
9,720,692.9353453,486.201435,358.9735298,333.9618155,127.2279052,3.394616633,124.0666199,59.27209818,0.7383226456,0.5180476537
10,744,512.5403512,451.805741,272.9855971,239.5547542,178.8201439,2.85603334,79.29778954,35.62315364,0.6042101114,0.5326128888
11,720,566.7327778,419.7769719,248.9324221,317.8003557,170.8445498,3.620616736,96.11971779,40.34381828,0.5930111434,0.4392412647
12,744,905.081374,316.414209,261.7395581,643.3418159,54.67465092,3.4282167,172.2631635,97.89486798,0.8272054498,0.2891889786
1,744,1086.445982,312.4106723,243.3812155,843.0647662,69.02945679,4.9387665,228.4699664,127.8652652,0.7790425779,0.2240159378
2,672,763.4118451,315.6925929,226.8408694,536.5709757,88.85172342,2.8483667,140.6075364,75.0362298,0.7185498633,0.2971408826
3,744,548.1901521,595.7123509,292.0409267,256.1492254,303.6714242,2.9481,67.820828,37.61132805,0.4902381599,0.5327365433
4,720,445.5815988,628.4717487,292.2921629,153.2894359,336.1795858,2.9423,40.30839164,20.4725818,0.4650840129,0.6559789805
5,744,536.9063601,625.7404519,315.5518998,221.3544603,310.1885521,2.8208166,77.69103883,31.96519194,0.5042856009,0.5877224098
6,720,712.1421944,682.4481334,385.1710527,326.9711417,297.2770807,3.444883328,128.3564018,58.06588774,0.5643960821,0.5408625633
7,744,1109.476172,653.7595231,527.5596687,581.9165034,126.1998544,3.839883332,207.5285174,111.9384641,0.8069628817,0.4755033789
